current date,sale_id,product_id,product_name,product_price
2025-05-12,1,P005,Mobile Phone Case,$15
2025-05-12,2,P001,Wireless Headphones,$100
2025-05-12,3,P001,Wireless Headphones,$100
2025-05-12,4,P006,Wireless Mouse,$30
2025-05-12,5,P006,Wireless Mouse,$30
2025-05-12,6,P003,Bluetooth Speaker,$50
2025-05-12,7,P004,USB Flash Drive,$20
2025-05-12,8,P007,Laptop Stand,$40
2025-05-12,9,P005,Mobile Phone Case,$15
2025-05-12,10,P006,Wireless Mouse,$30
2025-05-12,11,P004,USB Flash Drive,$20
2025-05-12,12,P006,Wireless Mouse,$30
2025-05-12,13,P007,Laptop Stand,$40
2025-05-12,14,P004,USB Flash Drive,$20
2025-05-12,15,P005,Mobile Phone Case,$15
2025-05-12,16,P010,External Hard Drive,$100
2025-05-12,17,P010,External Hard Drive,$100
2025-05-12,18,P004,USB Flash Drive,$20
2025-05-12,19,P009,Smartphone,$600
2025-05-12,20,P001,Wireless Headphones,$100
2025-05-12,21,P008,HDMI Cable,$15
2025-05-12,22,P007,Laptop Stand,$40
2025-05-12,23,P007,Laptop Stand,$40
2025-05-12,24,P003,Bluetooth Speaker,$50
2025-05-12,25,P007,Laptop Stand,$40
2025-05-12,26,P003,Bluetooth Speaker,$50
2025-05-12,27,P002,Laptop Backpack,$60
2025-05-12,28,P001,Wireless Headphones,$100
2025-05-12,29,P004,USB Flash Drive,$20
2025-05-12,30,P006,Wireless Mouse,$30
2025-05-12,31,P002,Laptop Backpack,$60
2025-05-12,32,P003,Bluetooth Speaker,$50
2025-05-12,33,P008,HDMI Cable,$15
2025-05-12,34,P004,USB Flash Drive,$20
2025-05-12,35,P009,Smartphone,$600
2025-05-12,36,P001,Wireless Headphones,$100
2025-05-12,37,P003,Bluetooth Speaker,$50
2025-05-12,38,P006,Wireless Mouse,$30
2025-05-12,39,P008,HDMI Cable,$15
2025-05-12,40,P004,USB Flash Drive,$20
2025-05-12,41,P009,Smartphone,$600
2025-05-12,42,P008,HDMI Cable,$15
2025-05-12,43,P006,Wireless Mouse,$30
2025-05-12,44,P005,Mobile Phone Case,$15
2025-05-12,45,P005,Mobile Phone Case,$15
2025-05-12,46,P001,Wireless Headphones,$100
2025-05-12,47,P002,Laptop Backpack,$60
2025-05-12,48,P005,Mobile Phone Case,$15
2025-05-12,49,P002,Laptop Backpack,$60
2025-05-12,50,P009,Smartphone,$600
2025-05-12,51,P002,Laptop Backpack,$60
2025-05-12,52,P001,Wireless Headphones,$100
2025-05-12,53,P006,Wireless Mouse,$30
2025-05-12,54,P008,HDMI Cable,$15
2025-05-12,55,P006,Wireless Mouse,$30
2025-05-12,56,P010,External Hard Drive,$100
2025-05-12,57,P002,Laptop Backpack,$60
2025-05-12,58,P008,HDMI Cable,$15
2025-05-12,59,P002,Laptop Backpack,$60
2025-05-12,60,P001,Wireless Headphones,$100
2025-05-12,61,P008,HDMI Cable,$15
2025-05-12,62,P008,HDMI Cable,$15
2025-05-12,63,P006,Wireless Mouse,$30
2025-05-12,64,P006,Wireless Mouse,$30
2025-05-12,65,P002,Laptop Backpack,$60
2025-05-12,66,P004,USB Flash Drive,$20
2025-05-12,67,P005,Mobile Phone Case,$15
2025-05-12,68,P001,Wireless Headphones,$100
2025-05-12,69,P010,External Hard Drive,$100
2025-05-12,70,P001,Wireless Headphones,$100
2025-05-12,71,P003,Bluetooth Speaker,$50
2025-05-12,72,P001,Wireless Headphones,$100
2025-05-12,73,P003,Bluetooth Speaker,$50
2025-05-12,74,P010,External Hard Drive,$100
2025-05-12,75,P008,HDMI Cable,$15
2025-05-12,76,P004,USB Flash Drive,$20
2025-05-12,77,P006,Wireless Mouse,$30
2025-05-12,78,P005,Mobile Phone Case,$15
2025-05-12,79,P001,Wireless Headphones,$100
2025-05-12,80,P009,Smartphone,$600
2025-05-12,81,P009,Smartphone,$600
2025-05-12,82,P010,External Hard Drive,$100
2025-05-12,83,P008,HDMI Cable,$15
2025-05-12,84,P006,Wireless Mouse,$30
2025-05-12,85,P004,USB Flash Drive,$20
2025-05-12,86,P002,Laptop Backpack,$60
2025-05-12,87,P001,Wireless Headphones,$100
2025-05-12,88,P003,Bluetooth Speaker,$50
2025-05-12,89,P003,Bluetooth Speaker,$50
2025-05-12,90,P001,Wireless Headphones,$100
2025-05-12,91,P004,USB Flash Drive,$20
2025-05-12,92,P005,Mobile Phone Case,$15
2025-05-12,93,P010,External Hard Drive,$100
2025-05-12,94,P001,Wireless Headphones,$100
2025-05-12,95,P006,Wireless Mouse,$30
2025-05-12,96,P006,Wireless Mouse,$30
2025-05-12,97,P002,Laptop Backpack,$60
2025-05-12,98,P002,Laptop Backpack,$60
2025-05-12,99,P010,External Hard Drive,$100
2025-05-12,100,P004,USB Flash Drive,$20
2025-05-12,101,P005,Mobile Phone Case,$15
2025-05-12,102,P010,External Hard Drive,$100
2025-05-12,103,P001,Wireless Headphones,$100
2025-05-12,104,P008,HDMI Cable,$15
2025-05-12,105,P003,Bluetooth Speaker,$50
2025-05-12,106,P008,HDMI Cable,$15
2025-05-12,107,P001,Wireless Headphones,$100
2025-05-12,108,P001,Wireless Headphones,$100
2025-05-12,109,P004,USB Flash Drive,$20
2025-05-12,110,P001,Wireless Headphones,$100
2025-05-12,111,P003,Bluetooth Speaker,$50
2025-05-12,112,P004,USB Flash Drive,$20
2025-05-12,113,P004,USB Flash Drive,$20
2025-05-12,114,P003,Bluetooth Speaker,$50
2025-05-12,115,P003,Bluetooth Speaker,$50
2025-05-12,116,P004,USB Flash Drive,$20
2025-05-12,117,P008,HDMI Cable,$15
2025-05-12,118,P008,HDMI Cable,$15
2025-05-12,119,P009,Smartphone,$600
2025-05-12,120,P001,Wireless Headphones,$100
2025-05-12,121,P006,Wireless Mouse,$30
2025-05-12,122,P001,Wireless Headphones,$100
2025-05-12,123,P009,Smartphone,$600
2025-05-12,124,P008,HDMI Cable,$15
2025-05-12,125,P010,External Hard Drive,$100
2025-05-12,126,P001,Wireless Headphones,$100
2025-05-12,127,P007,Laptop Stand,$40
2025-05-12,128,P001,Wireless Headphones,$100
2025-05-12,129,P002,Laptop Backpack,$60
2025-05-12,130,P009,Smartphone,$600
2025-05-12,131,P007,Laptop Stand,$40
2025-05-12,132,P003,Bluetooth Speaker,$50
2025-05-12,133,P001,Wireless Headphones,$100
2025-05-12,134,P005,Mobile Phone Case,$15
2025-05-12,135,P006,Wireless Mouse,$30
2025-05-12,136,P006,Wireless Mouse,$30
2025-05-12,137,P003,Bluetooth Speaker,$50
2025-05-12,138,P006,Wireless Mouse,$30
2025-05-12,139,P002,Laptop Backpack,$60
2025-05-12,140,P001,Wireless Headphones,$100
2025-05-12,141,P010,External Hard Drive,$100
2025-05-12,142,P010,External Hard Drive,$100
2025-05-12,143,P003,Bluetooth Speaker,$50
2025-05-12,144,P003,Bluetooth Speaker,$50
2025-05-12,145,P010,External Hard Drive,$100
2025-05-12,146,P001,Wireless Headphones,$100
2025-05-12,147,P004,USB Flash Drive,$20
2025-05-12,148,P002,Laptop Backpack,$60
2025-05-12,149,P008,HDMI Cable,$15
2025-05-12,150,P001,Wireless Headphones,$100
2025-05-12,151,P001,Wireless Headphones,$100
2025-05-12,152,P001,Wireless Headphones,$100
2025-05-12,153,P003,Bluetooth Speaker,$50
2025-05-12,154,P001,Wireless Headphones,$100
2025-05-12,155,P006,Wireless Mouse,$30
2025-05-12,156,P010,External Hard Drive,$100
2025-05-12,157,P008,HDMI Cable,$15
2025-05-12,158,P002,Laptop Backpack,$60
2025-05-12,159,P008,HDMI Cable,$15
2025-05-12,160,P003,Bluetooth Speaker,$50
2025-05-12,161,P008,HDMI Cable,$15
2025-05-12,162,P005,Mobile Phone Case,$15
2025-05-12,163,P004,USB Flash Drive,$20
2025-05-12,164,P003,Bluetooth Speaker,$50
2025-05-12,165,P005,Mobile Phone Case,$15
2025-05-12,166,P007,Laptop Stand,$40
2025-05-12,167,P010,External Hard Drive,$100
2025-05-12,168,P004,USB Flash Drive,$20
2025-05-12,169,P006,Wireless Mouse,$30
2025-05-12,170,P008,HDMI Cable,$15
2025-05-12,171,P006,Wireless Mouse,$30
2025-05-12,172,P005,Mobile Phone Case,$15
2025-05-12,173,P009,Smartphone,$600
2025-05-12,174,P007,Laptop Stand,$40
2025-05-12,175,P001,Wireless Headphones,$100
2025-05-12,176,P008,HDMI Cable,$15
2025-05-12,177,P009,Smartphone,$600
2025-05-12,178,P001,Wireless Headphones,$100
2025-05-12,179,P001,Wireless Headphones,$100
2025-05-12,180,P003,Bluetooth Speaker,$50
2025-05-12,181,P006,Wireless Mouse,$30
2025-05-12,182,P006,Wireless Mouse,$30
2025-05-12,183,P001,Wireless Headphones,$100
2025-05-12,184,P004,USB Flash Drive,$20
2025-05-12,185,P008,HDMI Cable,$15
2025-05-12,186,P001,Wireless Headphones,$100
2025-05-12,187,P007,Laptop Stand,$40
2025-05-12,188,P004,USB Flash Drive,$20
2025-05-12,189,P001,Wireless Headphones,$100
2025-05-12,190,P001,Wireless Headphones,$100
2025-05-12,191,P006,Wireless Mouse,$30
2025-05-12,192,P009,Smartphone,$600
2025-05-12,193,P004,USB Flash Drive,$20
2025-05-12,194,P004,USB Flash Drive,$20
2025-05-12,195,P008,HDMI Cable,$15
2025-05-12,196,P002,Laptop Backpack,$60
2025-05-12,197,P006,Wireless Mouse,$30
2025-05-12,198,P008,HDMI Cable,$15
2025-05-12,199,P006,Wireless Mouse,$30
2025-05-12,200,P003,Bluetooth Speaker,$50
2025-05-12,201,P001,Wireless Headphones,$100
2025-05-12,202,P004,USB Flash Drive,$20
2025-05-12,203,P004,USB Flash Drive,$20
2025-05-12,204,P002,Laptop Backpack,$60
2025-05-12,205,P006,Wireless Mouse,$30
2025-05-12,206,P004,USB Flash Drive,$20
2025-05-12,207,P001,Wireless Headphones,$100
2025-05-12,208,P005,Mobile Phone Case,$15
2025-05-12,209,P002,Laptop Backpack,$60
2025-05-12,210,P006,Wireless Mouse,$30
2025-05-12,211,P003,Bluetooth Speaker,$50
2025-05-12,212,P001,Wireless Headphones,$100
2025-05-12,213,P003,Bluetooth Speaker,$50
2025-05-12,214,P003,Bluetooth Speaker,$50
2025-05-12,215,P009,Smartphone,$600
2025-05-12,216,P008,HDMI Cable,$15
2025-05-12,217,P010,External Hard Drive,$100
2025-05-12,218,P006,Wireless Mouse,$30
2025-05-12,219,P005,Mobile Phone Case,$15
2025-05-12,220,P010,External Hard Drive,$100
2025-05-12,221,P002,Laptop Backpack,$60
2025-05-12,222,P005,Mobile Phone Case,$15
2025-05-12,223,P010,External Hard Drive,$100
2025-05-12,224,P004,USB Flash Drive,$20
2025-05-12,225,P002,Laptop Backpack,$60
2025-05-12,226,P007,Laptop Stand,$40
2025-05-12,227,P010,External Hard Drive,$100
2025-05-12,228,P009,Smartphone,$600
2025-05-12,229,P009,Smartphone,$600
2025-05-12,230,P004,USB Flash Drive,$20
2025-05-12,231,P008,HDMI Cable,$15
2025-05-12,232,P004,USB Flash Drive,$20
2025-05-12,233,P005,Mobile Phone Case,$15
2025-05-12,234,P001,Wireless Headphones,$100
2025-05-12,235,P007,Laptop Stand,$40
2025-05-12,236,P006,Wireless Mouse,$30
2025-05-12,237,P001,Wireless Headphones,$100
2025-05-12,238,P001,Wireless Headphones,$100
2025-05-12,239,P006,Wireless Mouse,$30
2025-05-12,240,P003,Bluetooth Speaker,$50
2025-05-12,241,P005,Mobile Phone Case,$15
2025-05-12,242,P003,Bluetooth Speaker,$50
2025-05-12,243,P006,Wireless Mouse,$30
2025-05-12,244,P006,Wireless Mouse,$30
2025-05-12,245,P003,Bluetooth Speaker,$50
2025-05-12,246,P002,Laptop Backpack,$60
2025-05-12,247,P006,Wireless Mouse,$30
2025-05-12,248,P009,Smartphone,$600
2025-05-12,249,P001,Wireless Headphones,$100
2025-05-12,250,P004,USB Flash Drive,$20
2025-05-12,251,P009,Smartphone,$600
2025-05-12,252,P001,Wireless Headphones,$100
2025-05-12,253,P008,HDMI Cable,$15
2025-05-12,254,P008,HDMI Cable,$15
2025-05-12,255,P002,Laptop Backpack,$60
2025-05-12,256,P008,HDMI Cable,$15
2025-05-12,257,P002,Laptop Backpack,$60
2025-05-12,258,P008,HDMI Cable,$15
2025-05-12,259,P003,Bluetooth Speaker,$50
2025-05-12,260,P007,Laptop Stand,$40
2025-05-12,261,P003,Bluetooth Speaker,$50
2025-05-12,262,P001,Wireless Headphones,$100
2025-05-12,263,P002,Laptop Backpack,$60
2025-05-12,264,P008,HDMI Cable,$15
2025-05-12,265,P010,External Hard Drive,$100
2025-05-12,266,P008,HDMI Cable,$15
2025-05-12,267,P003,Bluetooth Speaker,$50
2025-05-12,268,P003,Bluetooth Speaker,$50
2025-05-12,269,P001,Wireless Headphones,$100
2025-05-12,270,P001,Wireless Headphones,$100
2025-05-12,271,P001,Wireless Headphones,$100
2025-05-12,272,P001,Wireless Headphones,$100
2025-05-12,273,P006,Wireless Mouse,$30
2025-05-12,274,P001,Wireless Headphones,$100
2025-05-12,275,P003,Bluetooth Speaker,$50
2025-05-12,276,P010,External Hard Drive,$100
2025-05-12,277,P001,Wireless Headphones,$100
2025-05-12,278,P004,USB Flash Drive,$20
2025-05-12,279,P003,Bluetooth Speaker,$50
2025-05-12,280,P004,USB Flash Drive,$20
2025-05-12,281,P002,Laptop Backpack,$60
2025-05-12,282,P003,Bluetooth Speaker,$50
2025-05-12,283,P008,HDMI Cable,$15
2025-05-12,284,P001,Wireless Headphones,$100
2025-05-12,285,P004,USB Flash Drive,$20
2025-05-12,286,P007,Laptop Stand,$40
2025-05-12,287,P010,External Hard Drive,$100
2025-05-12,288,P007,Laptop Stand,$40
2025-05-12,289,P001,Wireless Headphones,$100
2025-05-12,290,P001,Wireless Headphones,$100
2025-05-12,291,P001,Wireless Headphones,$100
2025-05-12,292,P003,Bluetooth Speaker,$50
2025-05-12,293,P004,USB Flash Drive,$20
2025-05-12,294,P010,External Hard Drive,$100
2025-05-12,295,P003,Bluetooth Speaker,$50
2025-05-12,296,P001,Wireless Headphones,$100
2025-05-12,297,P003,Bluetooth Speaker,$50
2025-05-12,298,P003,Bluetooth Speaker,$50
2025-05-12,299,P001,Wireless Headphones,$100
2025-05-12,300,P008,HDMI Cable,$15
2025-05-12,301,P009,Smartphone,$600
2025-05-12,302,P006,Wireless Mouse,$30
2025-05-12,303,P007,Laptop Stand,$40
2025-05-12,304,P008,HDMI Cable,$15
2025-05-12,305,P010,External Hard Drive,$100
2025-05-12,306,P009,Smartphone,$600
2025-05-12,307,P003,Bluetooth Speaker,$50
2025-05-12,308,P009,Smartphone,$600
2025-05-12,309,P004,USB Flash Drive,$20
2025-05-12,310,P006,Wireless Mouse,$30
2025-05-12,311,P003,Bluetooth Speaker,$50
2025-05-12,312,P007,Laptop Stand,$40
2025-05-12,313,P001,Wireless Headphones,$100
2025-05-12,314,P003,Bluetooth Speaker,$50
2025-05-12,315,P003,Bluetooth Speaker,$50
2025-05-12,316,P002,Laptop Backpack,$60
2025-05-12,317,P001,Wireless Headphones,$100
2025-05-12,318,P008,HDMI Cable,$15
2025-05-12,319,P003,Bluetooth Speaker,$50
2025-05-12,320,P006,Wireless Mouse,$30
2025-05-12,321,P002,Laptop Backpack,$60
2025-05-12,322,P003,Bluetooth Speaker,$50
2025-05-12,323,P002,Laptop Backpack,$60
2025-05-12,324,P001,Wireless Headphones,$100
2025-05-12,325,P010,External Hard Drive,$100
2025-05-12,326,P003,Bluetooth Speaker,$50
2025-05-12,327,P002,Laptop Backpack,$60
2025-05-12,328,P008,HDMI Cable,$15
2025-05-12,329,P006,Wireless Mouse,$30
2025-05-12,330,P004,USB Flash Drive,$20
2025-05-12,331,P001,Wireless Headphones,$100
2025-05-12,332,P001,Wireless Headphones,$100
2025-05-12,333,P008,HDMI Cable,$15
2025-05-12,334,P009,Smartphone,$600
2025-05-12,335,P006,Wireless Mouse,$30
2025-05-12,336,P006,Wireless Mouse,$30
2025-05-12,337,P010,External Hard Drive,$100
2025-05-12,338,P007,Laptop Stand,$40
2025-05-12,339,P004,USB Flash Drive,$20
2025-05-12,340,P008,HDMI Cable,$15
2025-05-12,341,P010,External Hard Drive,$100
2025-05-12,342,P002,Laptop Backpack,$60
2025-05-12,343,P010,External Hard Drive,$100
2025-05-12,344,P007,Laptop Stand,$40
2025-05-12,345,P010,External Hard Drive,$100
2025-05-12,346,P003,Bluetooth Speaker,$50
2025-05-12,347,P002,Laptop Backpack,$60
2025-05-12,348,P005,Mobile Phone Case,$15
2025-05-12,349,P010,External Hard Drive,$100
2025-05-12,350,P001,Wireless Headphones,$100
2025-05-12,351,P006,Wireless Mouse,$30
2025-05-12,352,P001,Wireless Headphones,$100
2025-05-12,353,P008,HDMI Cable,$15
2025-05-12,354,P001,Wireless Headphones,$100
2025-05-12,355,P006,Wireless Mouse,$30
2025-05-12,356,P008,HDMI Cable,$15
2025-05-12,357,P006,Wireless Mouse,$30
2025-05-12,358,P002,Laptop Backpack,$60
2025-05-12,359,P008,HDMI Cable,$15
2025-05-12,360,P002,Laptop Backpack,$60
2025-05-12,361,P008,HDMI Cable,$15
2025-05-12,362,P006,Wireless Mouse,$30
2025-05-12,363,P004,USB Flash Drive,$20
2025-05-12,364,P008,HDMI Cable,$15
2025-05-12,365,P004,USB Flash Drive,$20
2025-05-12,366,P006,Wireless Mouse,$30
2025-05-12,367,P001,Wireless Headphones,$100
2025-05-12,368,P006,Wireless Mouse,$30
2025-05-12,369,P004,USB Flash Drive,$20
2025-05-12,370,P001,Wireless Headphones,$100
2025-05-12,371,P004,USB Flash Drive,$20
2025-05-12,372,P008,HDMI Cable,$15
2025-05-12,373,P005,Mobile Phone Case,$15
2025-05-12,374,P002,Laptop Backpack,$60
2025-05-12,375,P009,Smartphone,$600
2025-05-12,376,P010,External Hard Drive,$100
2025-05-12,377,P004,USB Flash Drive,$20
2025-05-12,378,P004,USB Flash Drive,$20
2025-05-12,379,P001,Wireless Headphones,$100
2025-05-12,380,P006,Wireless Mouse,$30
2025-05-12,381,P005,Mobile Phone Case,$15
2025-05-12,382,P001,Wireless Headphones,$100
2025-05-12,383,P006,Wireless Mouse,$30
2025-05-12,384,P003,Bluetooth Speaker,$50
2025-05-12,385,P008,HDMI Cable,$15
2025-05-12,386,P001,Wireless Headphones,$100
2025-05-12,387,P006,Wireless Mouse,$30
2025-05-12,388,P003,Bluetooth Speaker,$50
2025-05-12,389,P001,Wireless Headphones,$100
2025-05-12,390,P002,Laptop Backpack,$60
2025-05-12,391,P007,Laptop Stand,$40
2025-05-12,392,P006,Wireless Mouse,$30
2025-05-12,393,P009,Smartphone,$600
2025-05-12,394,P001,Wireless Headphones,$100
2025-05-12,395,P007,Laptop Stand,$40
2025-05-12,396,P004,USB Flash Drive,$20
2025-05-12,397,P004,USB Flash Drive,$20
2025-05-12,398,P001,Wireless Headphones,$100
2025-05-12,399,P008,HDMI Cable,$15
2025-05-12,400,P006,Wireless Mouse,$30
2025-05-12,401,P003,Bluetooth Speaker,$50
2025-05-12,402,P004,USB Flash Drive,$20
2025-05-12,403,P010,External Hard Drive,$100
2025-05-12,404,P002,Laptop Backpack,$60
2025-05-12,405,P001,Wireless Headphones,$100
2025-05-12,406,P008,HDMI Cable,$15
2025-05-12,407,P010,External Hard Drive,$100
2025-05-12,408,P004,USB Flash Drive,$20
2025-05-12,409,P001,Wireless Headphones,$100
2025-05-12,410,P004,USB Flash Drive,$20
2025-05-12,411,P006,Wireless Mouse,$30
2025-05-12,412,P002,Laptop Backpack,$60
2025-05-12,413,P007,Laptop Stand,$40
2025-05-12,414,P003,Bluetooth Speaker,$50
2025-05-12,415,P003,Bluetooth Speaker,$50
2025-05-12,416,P004,USB Flash Drive,$20
2025-05-12,417,P004,USB Flash Drive,$20
2025-05-12,418,P010,External Hard Drive,$100
2025-05-12,419,P010,External Hard Drive,$100
2025-05-12,420,P004,USB Flash Drive,$20
2025-05-12,421,P001,Wireless Headphones,$100
2025-05-12,422,P002,Laptop Backpack,$60
2025-05-12,423,P001,Wireless Headphones,$100
2025-05-12,424,P010,External Hard Drive,$100
2025-05-12,425,P007,Laptop Stand,$40
2025-05-12,426,P008,HDMI Cable,$15
2025-05-12,427,P006,Wireless Mouse,$30
2025-05-12,428,P005,Mobile Phone Case,$15
2025-05-12,429,P003,Bluetooth Speaker,$50
2025-05-12,430,P001,Wireless Headphones,$100
2025-05-12,431,P001,Wireless Headphones,$100
2025-05-12,432,P009,Smartphone,$600
2025-05-12,433,P005,Mobile Phone Case,$15
2025-05-12,434,P006,Wireless Mouse,$30
2025-05-12,435,P001,Wireless Headphones,$100
2025-05-12,436,P001,Wireless Headphones,$100
2025-05-12,437,P001,Wireless Headphones,$100
2025-05-12,438,P003,Bluetooth Speaker,$50
2025-05-12,439,P001,Wireless Headphones,$100
2025-05-12,440,P004,USB Flash Drive,$20
2025-05-12,441,P003,Bluetooth Speaker,$50
2025-05-12,442,P004,USB Flash Drive,$20
2025-05-12,443,P001,Wireless Headphones,$100
2025-05-12,444,P002,Laptop Backpack,$60
2025-05-12,445,P003,Bluetooth Speaker,$50
2025-05-12,446,P006,Wireless Mouse,$30
2025-05-12,447,P003,Bluetooth Speaker,$50
2025-05-12,448,P001,Wireless Headphones,$100
2025-05-12,449,P004,USB Flash Drive,$20
2025-05-12,450,P001,Wireless Headphones,$100
2025-05-12,451,P006,Wireless Mouse,$30
2025-05-12,452,P003,Bluetooth Speaker,$50
2025-05-12,453,P003,Bluetooth Speaker,$50
2025-05-12,454,P001,Wireless Headphones,$100
2025-05-12,455,P001,Wireless Headphones,$100
2025-05-12,456,P001,Wireless Headphones,$100
2025-05-12,457,P004,USB Flash Drive,$20
2025-05-12,458,P008,HDMI Cable,$15
2025-05-12,459,P001,Wireless Headphones,$100
2025-05-12,460,P003,Bluetooth Speaker,$50
2025-05-12,461,P009,Smartphone,$600
2025-05-12,462,P006,Wireless Mouse,$30
2025-05-12,463,P010,External Hard Drive,$100
2025-05-12,464,P010,External Hard Drive,$100
2025-05-12,465,P004,USB Flash Drive,$20
2025-05-12,466,P006,Wireless Mouse,$30
2025-05-12,467,P006,Wireless Mouse,$30
2025-05-12,468,P001,Wireless Headphones,$100
2025-05-12,469,P004,USB Flash Drive,$20
2025-05-12,470,P008,HDMI Cable,$15
2025-05-12,471,P001,Wireless Headphones,$100
2025-05-12,472,P006,Wireless Mouse,$30
2025-05-12,473,P006,Wireless Mouse,$30
2025-05-12,474,P008,HDMI Cable,$15
2025-05-12,475,P001,Wireless Headphones,$100
2025-05-12,476,P001,Wireless Headphones,$100
2025-05-12,477,P002,Laptop Backpack,$60
2025-05-12,478,P001,Wireless Headphones,$100
2025-05-12,479,P001,Wireless Headphones,$100
2025-05-12,480,P008,HDMI Cable,$15
2025-05-12,481,P010,External Hard Drive,$100
2025-05-12,482,P001,Wireless Headphones,$100
2025-05-12,483,P008,HDMI Cable,$15
2025-05-12,484,P010,External Hard Drive,$100
2025-05-12,485,P010,External Hard Drive,$100
2025-05-12,486,P005,Mobile Phone Case,$15
2025-05-12,487,P008,HDMI Cable,$15
2025-05-12,488,P004,USB Flash Drive,$20
2025-05-12,489,P003,Bluetooth Speaker,$50
2025-05-12,490,P004,USB Flash Drive,$20
2025-05-12,491,P005,Mobile Phone Case,$15
2025-05-12,492,P004,USB Flash Drive,$20
2025-05-12,493,P009,Smartphone,$600
2025-05-12,494,P006,Wireless Mouse,$30
2025-05-12,495,P007,Laptop Stand,$40
2025-05-12,496,P009,Smartphone,$600
2025-05-12,497,P004,USB Flash Drive,$20
2025-05-12,498,P006,Wireless Mouse,$30
2025-05-12,499,P001,Wireless Headphones,$100
2025-05-12,500,P001,Wireless Headphones,$100
2025-05-12,501,P006,Wireless Mouse,$30
2025-05-12,502,P002,Laptop Backpack,$60
2025-05-12,503,P004,USB Flash Drive,$20
2025-05-12,504,P001,Wireless Headphones,$100
2025-05-12,505,P004,USB Flash Drive,$20
2025-05-12,506,P010,External Hard Drive,$100
2025-05-12,507,P003,Bluetooth Speaker,$50
2025-05-12,508,P001,Wireless Headphones,$100
2025-05-12,509,P006,Wireless Mouse,$30
2025-05-12,510,P004,USB Flash Drive,$20
2025-05-12,511,P009,Smartphone,$600
2025-05-12,512,P004,USB Flash Drive,$20
2025-05-12,513,P006,Wireless Mouse,$30
2025-05-12,514,P010,External Hard Drive,$100
2025-05-12,515,P001,Wireless Headphones,$100
2025-05-12,516,P006,Wireless Mouse,$30
2025-05-12,517,P010,External Hard Drive,$100
2025-05-12,518,P006,Wireless Mouse,$30
2025-05-12,519,P006,Wireless Mouse,$30
2025-05-12,520,P001,Wireless Headphones,$100
2025-05-12,521,P001,Wireless Headphones,$100
2025-05-12,522,P003,Bluetooth Speaker,$50
2025-05-12,523,P002,Laptop Backpack,$60
2025-05-12,524,P001,Wireless Headphones,$100
2025-05-12,525,P003,Bluetooth Speaker,$50
2025-05-12,526,P003,Bluetooth Speaker,$50
2025-05-12,527,P006,Wireless Mouse,$30
2025-05-12,528,P001,Wireless Headphones,$100
2025-05-12,529,P006,Wireless Mouse,$30
2025-05-12,530,P008,HDMI Cable,$15
2025-05-12,531,P010,External Hard Drive,$100
2025-05-12,532,P004,USB Flash Drive,$20
2025-05-12,533,P003,Bluetooth Speaker,$50
2025-05-12,534,P001,Wireless Headphones,$100
2025-05-12,535,P008,HDMI Cable,$15
2025-05-12,536,P004,USB Flash Drive,$20
2025-05-12,537,P006,Wireless Mouse,$30
2025-05-12,538,P001,Wireless Headphones,$100
2025-05-12,539,P003,Bluetooth Speaker,$50
2025-05-12,540,P002,Laptop Backpack,$60
2025-05-12,541,P001,Wireless Headphones,$100
2025-05-12,542,P010,External Hard Drive,$100
2025-05-12,543,P002,Laptop Backpack,$60
2025-05-12,544,P006,Wireless Mouse,$30
2025-05-12,545,P002,Laptop Backpack,$60
2025-05-12,546,P008,HDMI Cable,$15
2025-05-12,547,P002,Laptop Backpack,$60
2025-05-12,548,P001,Wireless Headphones,$100
2025-05-12,549,P003,Bluetooth Speaker,$50
2025-05-12,550,P005,Mobile Phone Case,$15
2025-05-12,551,P002,Laptop Backpack,$60
2025-05-12,552,P002,Laptop Backpack,$60
2025-05-12,553,P006,Wireless Mouse,$30
2025-05-12,554,P007,Laptop Stand,$40
2025-05-12,555,P001,Wireless Headphones,$100
2025-05-12,556,P004,USB Flash Drive,$20
2025-05-12,557,P010,External Hard Drive,$100
2025-05-12,558,P006,Wireless Mouse,$30
2025-05-12,559,P005,Mobile Phone Case,$15
2025-05-12,560,P002,Laptop Backpack,$60
2025-05-12,561,P004,USB Flash Drive,$20
2025-05-12,562,P007,Laptop Stand,$40
2025-05-12,563,P006,Wireless Mouse,$30
2025-05-12,564,P001,Wireless Headphones,$100
2025-05-12,565,P010,External Hard Drive,$100
2025-05-12,566,P001,Wireless Headphones,$100
2025-05-12,567,P002,Laptop Backpack,$60
2025-05-12,568,P008,HDMI Cable,$15
2025-05-12,569,P006,Wireless Mouse,$30
2025-05-12,570,P001,Wireless Headphones,$100
2025-05-12,571,P006,Wireless Mouse,$30
2025-05-12,572,P004,USB Flash Drive,$20
2025-05-12,573,P010,External Hard Drive,$100
2025-05-12,574,P010,External Hard Drive,$100
2025-05-12,575,P008,HDMI Cable,$15
2025-05-12,576,P008,HDMI Cable,$15
2025-05-12,577,P007,Laptop Stand,$40
2025-05-12,578,P004,USB Flash Drive,$20
2025-05-12,579,P007,Laptop Stand,$40
2025-05-12,580,P001,Wireless Headphones,$100
2025-05-12,581,P006,Wireless Mouse,$30
2025-05-12,582,P004,USB Flash Drive,$20
2025-05-12,583,P010,External Hard Drive,$100
2025-05-12,584,P010,External Hard Drive,$100
2025-05-12,585,P007,Laptop Stand,$40
2025-05-12,586,P001,Wireless Headphones,$100
2025-05-12,587,P007,Laptop Stand,$40
2025-05-12,588,P004,USB Flash Drive,$20
2025-05-12,589,P006,Wireless Mouse,$30
2025-05-12,590,P006,Wireless Mouse,$30
2025-05-12,591,P003,Bluetooth Speaker,$50
2025-05-12,592,P006,Wireless Mouse,$30
2025-05-12,593,P001,Wireless Headphones,$100
2025-05-12,594,P001,Wireless Headphones,$100
2025-05-12,595,P006,Wireless Mouse,$30
2025-05-12,596,P010,External Hard Drive,$100
2025-05-12,597,P006,Wireless Mouse,$30
2025-05-12,598,P008,HDMI Cable,$15
2025-05-12,599,P008,HDMI Cable,$15
2025-05-12,600,P006,Wireless Mouse,$30
2025-05-12,601,P005,Mobile Phone Case,$15
2025-05-12,602,P002,Laptop Backpack,$60
2025-05-12,603,P004,USB Flash Drive,$20
2025-05-12,604,P009,Smartphone,$600
2025-05-12,605,P010,External Hard Drive,$100
2025-05-12,606,P010,External Hard Drive,$100
2025-05-12,607,P002,Laptop Backpack,$60
2025-05-12,608,P001,Wireless Headphones,$100
2025-05-12,609,P001,Wireless Headphones,$100
2025-05-12,610,P006,Wireless Mouse,$30
2025-05-12,611,P001,Wireless Headphones,$100
2025-05-12,612,P007,Laptop Stand,$40
2025-05-12,613,P003,Bluetooth Speaker,$50
2025-05-12,614,P001,Wireless Headphones,$100
2025-05-12,615,P010,External Hard Drive,$100
2025-05-12,616,P010,External Hard Drive,$100
2025-05-12,617,P001,Wireless Headphones,$100
2025-05-12,618,P004,USB Flash Drive,$20
2025-05-12,619,P006,Wireless Mouse,$30
2025-05-12,620,P008,HDMI Cable,$15
2025-05-12,621,P001,Wireless Headphones,$100
2025-05-12,622,P010,External Hard Drive,$100
2025-05-12,623,P009,Smartphone,$600
2025-05-12,624,P004,USB Flash Drive,$20
2025-05-12,625,P003,Bluetooth Speaker,$50
2025-05-12,626,P002,Laptop Backpack,$60
2025-05-12,627,P003,Bluetooth Speaker,$50
2025-05-12,628,P010,External Hard Drive,$100
2025-05-12,629,P004,USB Flash Drive,$20
2025-05-12,630,P002,Laptop Backpack,$60
2025-05-12,631,P003,Bluetooth Speaker,$50
2025-05-12,632,P009,Smartphone,$600
2025-05-12,633,P010,External Hard Drive,$100
2025-05-12,634,P006,Wireless Mouse,$30
2025-05-12,635,P008,HDMI Cable,$15
2025-05-12,636,P003,Bluetooth Speaker,$50
2025-05-12,637,P002,Laptop Backpack,$60
2025-05-12,638,P004,USB Flash Drive,$20
2025-05-12,639,P002,Laptop Backpack,$60
2025-05-12,640,P001,Wireless Headphones,$100
2025-05-12,641,P007,Laptop Stand,$40
2025-05-12,642,P006,Wireless Mouse,$30
2025-05-12,643,P002,Laptop Backpack,$60
2025-05-12,644,P008,HDMI Cable,$15
2025-05-12,645,P008,HDMI Cable,$15
2025-05-12,646,P008,HDMI Cable,$15
2025-05-12,647,P008,HDMI Cable,$15
2025-05-12,648,P008,HDMI Cable,$15
2025-05-12,649,P002,Laptop Backpack,$60
2025-05-12,650,P010,External Hard Drive,$100
2025-05-12,651,P004,USB Flash Drive,$20
2025-05-12,652,P002,Laptop Backpack,$60
2025-05-12,653,P010,External Hard Drive,$100
2025-05-12,654,P006,Wireless Mouse,$30
2025-05-12,655,P001,Wireless Headphones,$100
2025-05-12,656,P010,External Hard Drive,$100
2025-05-12,657,P009,Smartphone,$600
2025-05-12,658,P001,Wireless Headphones,$100
2025-05-12,659,P010,External Hard Drive,$100
2025-05-12,660,P004,USB Flash Drive,$20
2025-05-12,661,P006,Wireless Mouse,$30
2025-05-12,662,P004,USB Flash Drive,$20
2025-05-12,663,P004,USB Flash Drive,$20
2025-05-12,664,P001,Wireless Headphones,$100
2025-05-12,665,P004,USB Flash Drive,$20
2025-05-12,666,P004,USB Flash Drive,$20
2025-05-12,667,P004,USB Flash Drive,$20
2025-05-12,668,P004,USB Flash Drive,$20
2025-05-12,669,P005,Mobile Phone Case,$15
2025-05-12,670,P003,Bluetooth Speaker,$50
2025-05-12,671,P007,Laptop Stand,$40
2025-05-12,672,P001,Wireless Headphones,$100
2025-05-12,673,P004,USB Flash Drive,$20
2025-05-12,674,P006,Wireless Mouse,$30
2025-05-12,675,P010,External Hard Drive,$100
2025-05-12,676,P003,Bluetooth Speaker,$50
2025-05-12,677,P001,Wireless Headphones,$100
2025-05-12,678,P008,HDMI Cable,$15
2025-05-12,679,P008,HDMI Cable,$15
2025-05-12,680,P001,Wireless Headphones,$100
2025-05-12,681,P008,HDMI Cable,$15
2025-05-12,682,P007,Laptop Stand,$40
2025-05-12,683,P002,Laptop Backpack,$60
2025-05-12,684,P010,External Hard Drive,$100
2025-05-12,685,P001,Wireless Headphones,$100
2025-05-12,686,P006,Wireless Mouse,$30
2025-05-12,687,P010,External Hard Drive,$100
2025-05-12,688,P005,Mobile Phone Case,$15
2025-05-12,689,P004,USB Flash Drive,$20
2025-05-12,690,P002,Laptop Backpack,$60
2025-05-12,691,P004,USB Flash Drive,$20
2025-05-12,692,P002,Laptop Backpack,$60
2025-05-12,693,P002,Laptop Backpack,$60
2025-05-12,694,P010,External Hard Drive,$100
2025-05-12,695,P007,Laptop Stand,$40
2025-05-12,696,P008,HDMI Cable,$15
2025-05-12,697,P001,Wireless Headphones,$100
2025-05-12,698,P009,Smartphone,$600
2025-05-12,699,P001,Wireless Headphones,$100
2025-05-12,700,P008,HDMI Cable,$15
2025-05-12,701,P006,Wireless Mouse,$30
2025-05-12,702,P004,USB Flash Drive,$20
2025-05-12,703,P001,Wireless Headphones,$100
2025-05-12,704,P001,Wireless Headphones,$100
2025-05-12,705,P006,Wireless Mouse,$30
2025-05-12,706,P001,Wireless Headphones,$100
2025-05-12,707,P006,Wireless Mouse,$30
2025-05-12,708,P004,USB Flash Drive,$20
2025-05-12,709,P009,Smartphone,$600
2025-05-12,710,P004,USB Flash Drive,$20
2025-05-12,711,P001,Wireless Headphones,$100
2025-05-12,712,P010,External Hard Drive,$100
2025-05-12,713,P006,Wireless Mouse,$30
2025-05-12,714,P010,External Hard Drive,$100
2025-05-12,715,P008,HDMI Cable,$15
2025-05-12,716,P004,USB Flash Drive,$20
2025-05-12,717,P001,Wireless Headphones,$100
2025-05-12,718,P007,Laptop Stand,$40
2025-05-12,719,P001,Wireless Headphones,$100
2025-05-12,720,P004,USB Flash Drive,$20
2025-05-12,721,P009,Smartphone,$600
2025-05-12,722,P004,USB Flash Drive,$20
2025-05-12,723,P001,Wireless Headphones,$100
2025-05-12,724,P008,HDMI Cable,$15
2025-05-12,725,P001,Wireless Headphones,$100
2025-05-12,726,P008,HDMI Cable,$15
2025-05-12,727,P004,USB Flash Drive,$20
2025-05-12,728,P010,External Hard Drive,$100
2025-05-12,729,P007,Laptop Stand,$40
2025-05-12,730,P005,Mobile Phone Case,$15
2025-05-12,731,P010,External Hard Drive,$100
2025-05-12,732,P006,Wireless Mouse,$30
2025-05-12,733,P002,Laptop Backpack,$60
2025-05-12,734,P001,Wireless Headphones,$100
2025-05-12,735,P004,USB Flash Drive,$20
2025-05-12,736,P006,Wireless Mouse,$30
2025-05-12,737,P002,Laptop Backpack,$60
2025-05-12,738,P010,External Hard Drive,$100
2025-05-12,739,P008,HDMI Cable,$15
2025-05-12,740,P006,Wireless Mouse,$30
2025-05-12,741,P010,External Hard Drive,$100
2025-05-12,742,P008,HDMI Cable,$15
2025-05-12,743,P006,Wireless Mouse,$30
2025-05-12,744,P004,USB Flash Drive,$20
2025-05-12,745,P004,USB Flash Drive,$20
2025-05-12,746,P006,Wireless Mouse,$30
2025-05-12,747,P001,Wireless Headphones,$100
2025-05-12,748,P010,External Hard Drive,$100
2025-05-12,749,P005,Mobile Phone Case,$15
2025-05-12,750,P002,Laptop Backpack,$60
2025-05-12,751,P004,USB Flash Drive,$20
2025-05-12,752,P004,USB Flash Drive,$20
2025-05-12,753,P001,Wireless Headphones,$100
2025-05-12,754,P001,Wireless Headphones,$100
2025-05-12,755,P003,Bluetooth Speaker,$50
2025-05-12,756,P010,External Hard Drive,$100
2025-05-12,757,P001,Wireless Headphones,$100
2025-05-12,758,P003,Bluetooth Speaker,$50
2025-05-12,759,P005,Mobile Phone Case,$15
2025-05-12,760,P006,Wireless Mouse,$30
2025-05-12,761,P008,HDMI Cable,$15
2025-05-12,762,P008,HDMI Cable,$15
2025-05-12,763,P002,Laptop Backpack,$60
2025-05-12,764,P002,Laptop Backpack,$60
2025-05-12,765,P004,USB Flash Drive,$20
2025-05-12,766,P008,HDMI Cable,$15
2025-05-12,767,P004,USB Flash Drive,$20
2025-05-12,768,P003,Bluetooth Speaker,$50
2025-05-12,769,P002,Laptop Backpack,$60
2025-05-12,770,P005,Mobile Phone Case,$15
2025-05-12,771,P001,Wireless Headphones,$100
2025-05-12,772,P001,Wireless Headphones,$100
2025-05-12,773,P008,HDMI Cable,$15
2025-05-12,774,P006,Wireless Mouse,$30
2025-05-12,775,P008,HDMI Cable,$15
2025-05-12,776,P002,Laptop Backpack,$60
2025-05-12,777,P005,Mobile Phone Case,$15
2025-05-12,778,P008,HDMI Cable,$15
2025-05-12,779,P002,Laptop Backpack,$60
2025-05-12,780,P005,Mobile Phone Case,$15
2025-05-12,781,P007,Laptop Stand,$40
2025-05-12,782,P002,Laptop Backpack,$60
2025-05-12,783,P010,External Hard Drive,$100
2025-05-12,784,P008,HDMI Cable,$15
2025-05-12,785,P008,HDMI Cable,$15
2025-05-12,786,P001,Wireless Headphones,$100
2025-05-12,787,P006,Wireless Mouse,$30
2025-05-12,788,P006,Wireless Mouse,$30
2025-05-12,789,P010,External Hard Drive,$100
2025-05-12,790,P001,Wireless Headphones,$100
2025-05-12,791,P003,Bluetooth Speaker,$50
2025-05-12,792,P009,Smartphone,$600
2025-05-12,793,P009,Smartphone,$600
2025-05-12,794,P009,Smartphone,$600
2025-05-12,795,P001,Wireless Headphones,$100
2025-05-12,796,P004,USB Flash Drive,$20
2025-05-12,797,P008,HDMI Cable,$15
2025-05-12,798,P010,External Hard Drive,$100
2025-05-12,799,P009,Smartphone,$600
2025-05-12,800,P008,HDMI Cable,$15
2025-05-12,801,P010,External Hard Drive,$100
2025-05-12,802,P004,USB Flash Drive,$20
2025-05-12,803,P010,External Hard Drive,$100
2025-05-12,804,P002,Laptop Backpack,$60
2025-05-12,805,P005,Mobile Phone Case,$15
2025-05-12,806,P008,HDMI Cable,$15
2025-05-12,807,P009,Smartphone,$600
2025-05-12,808,P004,USB Flash Drive,$20
2025-05-12,809,P008,HDMI Cable,$15
2025-05-12,810,P004,USB Flash Drive,$20
2025-05-12,811,P006,Wireless Mouse,$30
2025-05-12,812,P002,Laptop Backpack,$60
2025-05-12,813,P008,HDMI Cable,$15
2025-05-12,814,P001,Wireless Headphones,$100
2025-05-12,815,P008,HDMI Cable,$15
2025-05-12,816,P007,Laptop Stand,$40
2025-05-12,817,P004,USB Flash Drive,$20
2025-05-12,818,P008,HDMI Cable,$15
2025-05-12,819,P001,Wireless Headphones,$100
2025-05-12,820,P006,Wireless Mouse,$30
2025-05-12,821,P003,Bluetooth Speaker,$50
2025-05-12,822,P004,USB Flash Drive,$20
2025-05-12,823,P006,Wireless Mouse,$30
2025-05-12,824,P004,USB Flash Drive,$20
2025-05-12,825,P008,HDMI Cable,$15
2025-05-12,826,P006,Wireless Mouse,$30
2025-05-12,827,P006,Wireless Mouse,$30
2025-05-12,828,P010,External Hard Drive,$100
2025-05-12,829,P004,USB Flash Drive,$20
2025-05-12,830,P006,Wireless Mouse,$30
2025-05-12,831,P006,Wireless Mouse,$30
2025-05-12,832,P006,Wireless Mouse,$30
2025-05-12,833,P002,Laptop Backpack,$60
2025-05-12,834,P009,Smartphone,$600
2025-05-12,835,P001,Wireless Headphones,$100
2025-05-12,836,P010,External Hard Drive,$100
2025-05-12,837,P005,Mobile Phone Case,$15
2025-05-12,838,P010,External Hard Drive,$100
2025-05-12,839,P001,Wireless Headphones,$100
2025-05-12,840,P001,Wireless Headphones,$100
2025-05-12,841,P007,Laptop Stand,$40
2025-05-12,842,P001,Wireless Headphones,$100
2025-05-12,843,P001,Wireless Headphones,$100
2025-05-12,844,P006,Wireless Mouse,$30
2025-05-12,845,P010,External Hard Drive,$100
2025-05-12,846,P006,Wireless Mouse,$30
2025-05-12,847,P006,Wireless Mouse,$30
2025-05-12,848,P001,Wireless Headphones,$100
2025-05-12,849,P002,Laptop Backpack,$60
2025-05-12,850,P006,Wireless Mouse,$30
2025-05-12,851,P006,Wireless Mouse,$30
2025-05-12,852,P002,Laptop Backpack,$60
2025-05-12,853,P010,External Hard Drive,$100
2025-05-12,854,P008,HDMI Cable,$15
2025-05-12,855,P001,Wireless Headphones,$100
2025-05-12,856,P002,Laptop Backpack,$60
2025-05-12,857,P010,External Hard Drive,$100
2025-05-12,858,P004,USB Flash Drive,$20
2025-05-12,859,P005,Mobile Phone Case,$15
2025-05-12,860,P001,Wireless Headphones,$100
2025-05-12,861,P004,USB Flash Drive,$20
2025-05-12,862,P008,HDMI Cable,$15
2025-05-12,863,P009,Smartphone,$600
2025-05-12,864,P009,Smartphone,$600
2025-05-12,865,P004,USB Flash Drive,$20
2025-05-12,866,P002,Laptop Backpack,$60
2025-05-12,867,P007,Laptop Stand,$40
2025-05-12,868,P008,HDMI Cable,$15
2025-05-12,869,P010,External Hard Drive,$100
2025-05-12,870,P006,Wireless Mouse,$30
2025-05-12,871,P010,External Hard Drive,$100
2025-05-12,872,P001,Wireless Headphones,$100
2025-05-12,873,P001,Wireless Headphones,$100
2025-05-12,874,P002,Laptop Backpack,$60
2025-05-12,875,P007,Laptop Stand,$40
2025-05-12,876,P002,Laptop Backpack,$60
2025-05-12,877,P006,Wireless Mouse,$30
2025-05-12,878,P006,Wireless Mouse,$30
2025-05-12,879,P005,Mobile Phone Case,$15
2025-05-12,880,P004,USB Flash Drive,$20
2025-05-12,881,P010,External Hard Drive,$100
2025-05-12,882,P007,Laptop Stand,$40
2025-05-12,883,P005,Mobile Phone Case,$15
2025-05-12,884,P002,Laptop Backpack,$60
2025-05-12,885,P010,External Hard Drive,$100
2025-05-12,886,P004,USB Flash Drive,$20
2025-05-12,887,P004,USB Flash Drive,$20
2025-05-12,888,P001,Wireless Headphones,$100
2025-05-12,889,P005,Mobile Phone Case,$15
2025-05-12,890,P004,USB Flash Drive,$20
2025-05-12,891,P004,USB Flash Drive,$20
2025-05-12,892,P010,External Hard Drive,$100
2025-05-12,893,P004,USB Flash Drive,$20
2025-05-12,894,P009,Smartphone,$600
2025-05-12,895,P005,Mobile Phone Case,$15
2025-05-12,896,P009,Smartphone,$600
2025-05-12,897,P007,Laptop Stand,$40
2025-05-12,898,P005,Mobile Phone Case,$15
2025-05-12,899,P004,USB Flash Drive,$20
2025-05-12,900,P003,Bluetooth Speaker,$50
2025-05-12,901,P001,Wireless Headphones,$100
2025-05-12,902,P003,Bluetooth Speaker,$50
2025-05-12,903,P001,Wireless Headphones,$100
2025-05-12,904,P001,Wireless Headphones,$100
2025-05-12,905,P004,USB Flash Drive,$20
2025-05-12,906,P006,Wireless Mouse,$30
2025-05-12,907,P003,Bluetooth Speaker,$50
2025-05-12,908,P002,Laptop Backpack,$60
2025-05-12,909,P001,Wireless Headphones,$100
2025-05-12,910,P003,Bluetooth Speaker,$50
2025-05-12,911,P008,HDMI Cable,$15
2025-05-12,912,P010,External Hard Drive,$100
2025-05-12,913,P004,USB Flash Drive,$20
2025-05-12,914,P008,HDMI Cable,$15
2025-05-12,915,P002,Laptop Backpack,$60
2025-05-12,916,P006,Wireless Mouse,$30
2025-05-12,917,P006,Wireless Mouse,$30
2025-05-12,918,P002,Laptop Backpack,$60
2025-05-12,919,P010,External Hard Drive,$100
2025-05-12,920,P008,HDMI Cable,$15
2025-05-12,921,P009,Smartphone,$600
2025-05-12,922,P008,HDMI Cable,$15
2025-05-12,923,P005,Mobile Phone Case,$15
2025-05-12,924,P004,USB Flash Drive,$20
2025-05-12,925,P001,Wireless Headphones,$100
2025-05-12,926,P002,Laptop Backpack,$60
2025-05-12,927,P002,Laptop Backpack,$60
2025-05-12,928,P004,USB Flash Drive,$20
2025-05-12,929,P004,USB Flash Drive,$20
2025-05-12,930,P002,Laptop Backpack,$60
2025-05-12,931,P006,Wireless Mouse,$30
2025-05-12,932,P004,USB Flash Drive,$20
2025-05-12,933,P010,External Hard Drive,$100
2025-05-12,934,P006,Wireless Mouse,$30
2025-05-12,935,P003,Bluetooth Speaker,$50
2025-05-12,936,P001,Wireless Headphones,$100
2025-05-12,937,P010,External Hard Drive,$100
2025-05-12,938,P009,Smartphone,$600
2025-05-12,939,P001,Wireless Headphones,$100
2025-05-12,940,P010,External Hard Drive,$100
2025-05-12,941,P001,Wireless Headphones,$100
2025-05-12,942,P001,Wireless Headphones,$100
2025-05-12,943,P001,Wireless Headphones,$100
2025-05-12,944,P004,USB Flash Drive,$20
2025-05-12,945,P004,USB Flash Drive,$20
2025-05-12,946,P010,External Hard Drive,$100
2025-05-12,947,P006,Wireless Mouse,$30
2025-05-12,948,P004,USB Flash Drive,$20
2025-05-12,949,P008,HDMI Cable,$15
2025-05-12,950,P003,Bluetooth Speaker,$50
2025-05-12,951,P004,USB Flash Drive,$20
2025-05-12,952,P008,HDMI Cable,$15
2025-05-12,953,P005,Mobile Phone Case,$15
2025-05-12,954,P006,Wireless Mouse,$30
2025-05-12,955,P001,Wireless Headphones,$100
2025-05-12,956,P006,Wireless Mouse,$30
2025-05-12,957,P004,USB Flash Drive,$20
2025-05-12,958,P002,Laptop Backpack,$60
2025-05-12,959,P006,Wireless Mouse,$30
2025-05-12,960,P003,Bluetooth Speaker,$50
2025-05-12,961,P003,Bluetooth Speaker,$50
2025-05-12,962,P005,Mobile Phone Case,$15
2025-05-12,963,P009,Smartphone,$600
2025-05-12,964,P007,Laptop Stand,$40
2025-05-12,965,P004,USB Flash Drive,$20
2025-05-12,966,P009,Smartphone,$600
2025-05-12,967,P003,Bluetooth Speaker,$50
2025-05-12,968,P008,HDMI Cable,$15
2025-05-12,969,P004,USB Flash Drive,$20
2025-05-12,970,P004,USB Flash Drive,$20
2025-05-12,971,P001,Wireless Headphones,$100
2025-05-12,972,P003,Bluetooth Speaker,$50
2025-05-12,973,P001,Wireless Headphones,$100
2025-05-12,974,P002,Laptop Backpack,$60
2025-05-12,975,P006,Wireless Mouse,$30
2025-05-12,976,P004,USB Flash Drive,$20
2025-05-12,977,P003,Bluetooth Speaker,$50
2025-05-12,978,P010,External Hard Drive,$100
2025-05-12,979,P010,External Hard Drive,$100
2025-05-12,980,P004,USB Flash Drive,$20
2025-05-12,981,P008,HDMI Cable,$15
2025-05-12,982,P002,Laptop Backpack,$60
2025-05-12,983,P003,Bluetooth Speaker,$50
2025-05-12,984,P010,External Hard Drive,$100
2025-05-12,985,P002,Laptop Backpack,$60
2025-05-12,986,P002,Laptop Backpack,$60
2025-05-12,987,P001,Wireless Headphones,$100
2025-05-12,988,P001,Wireless Headphones,$100
2025-05-12,989,P006,Wireless Mouse,$30
2025-05-12,990,P002,Laptop Backpack,$60
2025-05-12,991,P004,USB Flash Drive,$20
2025-05-12,992,P006,Wireless Mouse,$30
2025-05-12,993,P001,Wireless Headphones,$100
2025-05-12,994,P005,Mobile Phone Case,$15
2025-05-12,995,P006,Wireless Mouse,$30
2025-05-12,996,P006,Wireless Mouse,$30
2025-05-12,997,P004,USB Flash Drive,$20
2025-05-12,998,P001,Wireless Headphones,$100
2025-05-12,999,P006,Wireless Mouse,$30
2025-05-12,1000,P001,Wireless Headphones,$100
